Experiment,Model,Protocol,Fold,Seed,accuracy,f1_macro,precision_macro,recall_macro
Exp2,HuBERT-frozen+SVM,5-fold CV,Fold 1,42,78.47222222222221,77.68322911001344,78.09494528520386,77.71845479082322
Exp2,HuBERT-frozen+SVM,5-fold CV,Fold 2,42,86.11111111111111,86.50252631986963,86.31059956024087,86.93488529014846
Exp2,HuBERT-frozen+SVM,5-fold CV,Fold 3,42,80.20833333333334,79.61313130110715,80.09296259296259,79.74865047233467
Exp2,HuBERT-frozen+SVM,5-fold CV,Fold 4,42,81.59722222222221,80.81023839842332,80.80427881222445,81.77294197031038
Exp2,HuBERT-frozen+SVM,5-fold CV,Fold 5,42,83.68055555555556,83.05172310091989,83.6774317706117,83.1140350877193
Exp2,HuBERT-frozen+RF,5-fold CV,Fold 1,42,60.763888888888886,58.40836481165902,60.31521979631891,59.021592442645066
Exp2,HuBERT-frozen+RF,5-fold CV,Fold 2,42,67.70833333333334,66.14440521541898,67.40275976133674,66.40519568151146
Exp2,HuBERT-frozen+RF,5-fold CV,Fold 3,42,64.23611111111111,62.069676589505995,65.20754265163016,62.381916329284756
Exp2,HuBERT-frozen+RF,5-fold CV,Fold 4,42,63.541666666666664,61.40526147925207,61.03137945790996,63.52901484480431
Exp2,HuBERT-frozen+RF,5-fold CV,Fold 5,42,63.19444444444444,62.00680365342938,65.14064939324982,62.2638326585695
Exp2,HuBERT-frozen+SVM,LOSGO,Fold 1,42,70.83333333333334,70.63057105433266,71.73874223602485,71.484375
Exp2,HuBERT-frozen+SVM,LOSGO,Fold 2,42,61.25000000000001,58.76087088215483,61.07003033642099,59.375
Exp2,HuBERT-frozen+SVM,LOSGO,Fold 3,42,53.333333333333336,52.74531139447587,66.34511006093211,51.171875
Exp2,HuBERT-frozen+SVM,LOSGO,Fold 4,42,59.583333333333336,58.67995410182911,61.535722243442834,60.9375
Exp2,HuBERT-frozen+SVM,LOSGO,Fold 5,42,59.583333333333336,60.27593267768665,71.75144494514107,58.59375
Exp2,HuBERT-frozen+SVM,LOSGO,Fold 6,42,62.5,58.88376682194616,63.44189947493933,59.375
Exp2,HuBERT-frozen+RF,LOSGO,Fold 1,42,59.166666666666664,56.93839098434391,59.78105523318289,57.8125
Exp2,HuBERT-frozen+RF,LOSGO,Fold 2,42,53.333333333333336,50.286921149325046,52.89421221180473,51.5625
Exp2,HuBERT-frozen+RF,LOSGO,Fold 3,42,46.25,42.118953310479725,43.01931067162174,43.359375
Exp2,HuBERT-frozen+RF,LOSGO,Fold 4,42,52.916666666666664,51.76507668625581,55.68322070202182,53.125
Exp2,HuBERT-frozen+RF,LOSGO,Fold 5,42,48.75,48.84154040404041,56.81229656294825,47.65625
Exp2,HuBERT-frozen+RF,LOSGO,Fold 6,42,50.83333333333333,46.285747960979464,50.027232047851676,48.046875
