Experiment,Model,Protocol,Fold,Seed,accuracy,f1_macro,precision_macro,recall_macro,LogReg_train_acc,LogReg_perm_mean,LogReg_perm_std,LogReg_p_value,MLP_train_acc,MLP_perm_mean,MLP_perm_std,MLP_p_value
Exp6,base,LOSGO,Fold 1,42,51.24999999999999,43.09477947520921,55.893398268398265,48.4375,79.58333333333333,48.59166666666667,2.2835310133407187,0.0,94.16666666666667,73.29166666666666,10.422748224703287,0.0
Exp6,base,LOSGO,Fold 2,42,77.08333333333334,76.96180462786724,80.07762190333405,76.171875,89.16666666666667,57.51666666666667,1.970194575839317,0.0,99.16666666666667,76.30833333333334,5.9913189514311265,0.0
Exp6,base,LOSGO,Fold 3,42,67.5,68.25707146281877,75.05841179803055,66.796875,88.33333333333333,57.90833333333333,2.421675843065891,0.0,97.5,82.00833333333334,6.196823783197324,0.0
Exp6,base,LOSGO,Fold 4,42,64.16666666666667,62.61698241562681,70.65444546310921,65.234375,87.91666666666667,55.85833333333333,2.1592983685550378,0.0,92.91666666666667,74.21666666666667,4.339450810106428,0.0
Exp6,base,LOSGO,Fold 5,42,68.75,67.24716479961887,71.95438353492375,66.40625,88.33333333333333,57.625,2.39827773852636,0.0,97.5,78.60833333333333,5.61162607647928,0.0
Exp6,base,LOSGO,Fold 6,42,73.33333333333333,72.72938763657046,77.0200863950864,73.046875,95.0,60.25,2.0429417786885438,0.0,99.16666666666667,86.36666666666667,5.479786086660277,0.0
Exp6,aug,LOSGO,Fold 1,42,51.66666666666667,47.332685732710246,50.31962803701935,50.0,87.08333333333333,51.95833333333333,2.3881216468178494,0.0,96.66666666666667,81.84166666666667,6.560662441146219,0.0
Exp6,aug,LOSGO,Fold 2,42,81.25,79.57217246456194,81.87884330304122,79.296875,88.33333333333333,58.26666666666667,2.147931821802339,0.0,92.5,79.35,5.60143830735563,0.0
Exp6,aug,LOSGO,Fold 3,42,64.16666666666667,63.27370187506551,70.12342003526093,62.109375,92.91666666666667,61.69166666666667,2.0588730736335674,0.0,100.0,89.45,4.586695736341988,0.0
Exp6,aug,LOSGO,Fold 4,42,57.08333333333333,54.25934364584302,62.49731679262553,57.03125,87.5,57.43333333333333,2.5662878508330538,0.0,95.0,82.55,4.3808611532944575,0.0
Exp6,aug,LOSGO,Fold 5,42,71.66666666666667,70.09330682923714,72.33562615942768,69.53125,88.75,57.46666666666667,2.4121221638493635,0.0,97.5,75.025,4.656544080944341,0.0
Exp6,aug,LOSGO,Fold 6,42,82.08333333333333,81.42092606544986,82.00258343352371,82.03125,92.08333333333333,59.83333333333334,2.09496751499609,0.0,98.75,84.58333333333334,5.378067600087516,0.0
Exp6,grl,LOSGO,Fold 1,42,65.83333333333333,62.431958750426354,68.29498997991212,67.96875,89.58333333333334,53.79166666666667,2.686450053302479,0.0,97.91666666666666,78.64166666666667,7.437148684513142,0.0
Exp6,grl,LOSGO,Fold 2,42,80.83333333333333,80.09044645238674,82.33106854667575,79.6875,97.08333333333333,65.375,2.386667248603281,0.0,98.75,82.53333333333332,4.981800210098086,0.0
Exp6,grl,LOSGO,Fold 3,42,62.083333333333336,62.3221266364516,70.77358496766392,61.328125,96.66666666666667,58.98333333333333,2.257948921772441,0.0,100.0,84.24166666666666,7.574028173817271,0.0
Exp6,grl,LOSGO,Fold 4,42,65.83333333333333,63.68735634613283,68.58216787574571,66.40625,89.58333333333334,60.55833333333334,2.5922025169513447,0.0,99.58333333333333,83.36666666666666,4.429885877637131,0.0
Exp6,grl,LOSGO,Fold 5,42,70.83333333333334,69.72856249413535,75.09896006219536,68.75,94.58333333333333,63.96666666666666,2.1606326234076287,0.0,97.91666666666666,77.675,5.180820666436716,0.0
Exp6,grl,LOSGO,Fold 6,42,72.08333333333333,71.15250001076913,75.39385793418052,73.046875,95.0,60.44166666666666,2.2706001409319088,0.0,98.75,67.01666666666667,5.547997636785525,0.0
Exp6,aug+grl,LOSGO,Fold 1,42,70.0,68.55586223637957,74.46151311107158,68.359375,97.5,60.69166666666667,2.0642627147617514,0.0,100.0,90.66666666666666,5.1356596460435355,0.0
Exp6,aug+grl,LOSGO,Fold 2,42,81.25,80.26271258725923,81.67239123213388,80.46875,97.91666666666666,67.05000000000001,2.5452024586573776,0.0,100.0,90.80000000000001,4.066154339312652,0.0
Exp6,aug+grl,LOSGO,Fold 3,42,71.25,69.07488961819044,74.80656894376182,68.359375,98.75,63.94166666666667,2.0364900359851186,0.0,99.58333333333333,79.94166666666666,5.6063022572815315,0.0
Exp6,aug+grl,LOSGO,Fold 4,42,73.33333333333333,71.86997430098066,75.0670990953763,72.65625,95.0,62.60833333333333,2.792363097211153,0.0,98.33333333333333,68.05,4.768560229950616,0.0
Exp6,aug+grl,LOSGO,Fold 5,42,70.41666666666667,68.6868686215737,72.90162200722546,67.96875,96.66666666666667,65.66666666666669,2.2314046398326473,0.0,99.58333333333333,74.19166666666666,4.368773346782315,0.0
Exp6,aug+grl,LOSGO,Fold 6,42,75.41666666666667,74.1444715465818,78.49382850229406,75.390625,97.5,65.46666666666665,2.1915874510398976,0.0,100.0,82.04166666666666,5.179587338775166,0.0
