Experiment,Model,Protocol,Fold,Seed,accuracy,f1_macro,precision_macro,recall_macro,gate_weights
Exp5,B0-control,LOSGO,Fold 1,42,60.416666666666664,58.95365915725493,61.284521617417354,59.375,
Exp5,F1-ConcatMLP,LOSGO,Fold 1,42,56.25,52.827027106709004,54.02688156136433,53.515625,
Exp5,F2-AttGate,LOSGO,Fold 1,42,58.333333333333336,55.85818158608634,56.23360812095627,57.8125,"[0.4367038607597351, 0.5630978345870972, 0.00019849117961712182]"
Exp5,F2-AttGate-forced,LOSGO,Fold 1,42,59.583333333333336,59.272153706515184,63.80692081890712,59.375,"[0.29835429787635803, 0.47794052958488464, 0.22370538115501404]"
Exp5,F3-CrossAttn,LOSGO,Fold 1,42,35.41666666666667,30.001284269105,31.54760008797276,35.15625,
Exp5,B1-MFCC-only,LOSGO,Fold 1,42,48.333333333333336,44.29350811420456,50.83367473170104,45.3125,
Exp5,B2-Prosody-only,LOSGO,Fold 1,42,28.749999999999996,24.19268133595964,24.23608201309625,26.953125,
Exp5,B0-control,LOSGO,Fold 2,42,78.33333333333333,77.78528057848631,79.39619438993377,78.125,
Exp5,F1-ConcatMLP,LOSGO,Fold 2,42,77.91666666666667,77.13710160476637,78.8535059296776,77.734375,
Exp5,F2-AttGate,LOSGO,Fold 2,42,78.75,78.2758875201413,79.87748382040651,78.515625,"[0.9988669753074646, 0.000582715671043843, 0.0005503834108822048]"
Exp5,F2-AttGate-forced,LOSGO,Fold 2,42,79.16666666666666,78.69971264578699,80.23999110478879,78.90625,"[0.42042213678359985, 0.2833024859428406, 0.2962753474712372]"
Exp5,F3-CrossAttn,LOSGO,Fold 2,42,65.0,63.06046111626469,65.70144457722637,64.84375,
Exp5,B1-MFCC-only,LOSGO,Fold 2,42,47.5,44.864807162591234,53.20182011059872,45.703125,
Exp5,B2-Prosody-only,LOSGO,Fold 2,42,19.583333333333332,17.15784089042603,17.2637987012987,18.359375,
Exp5,B0-control,LOSGO,Fold 3,42,63.74999999999999,65.45954435791018,75.3929550974388,63.28125,
Exp5,F1-ConcatMLP,LOSGO,Fold 3,42,60.416666666666664,62.680655275167474,77.82037611081729,59.765625,
Exp5,F2-AttGate,LOSGO,Fold 3,42,62.916666666666664,64.58339597609289,73.96574551179815,62.5,"[0.9973993301391602, 0.0010361812310293317, 0.0015647030668333173]"
Exp5,F2-AttGate-forced,LOSGO,Fold 3,42,62.5,64.20899878526997,74.81458959719829,62.109375,"[0.44964268803596497, 0.2888880968093872, 0.26146918535232544]"
Exp5,F3-CrossAttn,LOSGO,Fold 3,42,37.5,34.527505070612605,44.23370726495727,35.546875,
Exp5,B1-MFCC-only,LOSGO,Fold 3,42,41.66666666666667,36.3078659755875,46.05433130699088,39.0625,
Exp5,B2-Prosody-only,LOSGO,Fold 3,42,27.083333333333332,26.08799199012517,29.38029803375623,25.78125,
Exp5,B0-control,LOSGO,Fold 4,42,62.5,61.1747910365398,66.38533338770922,62.5,
Exp5,F1-ConcatMLP,LOSGO,Fold 4,42,62.083333333333336,60.90247739762133,66.35550649644533,61.71875,
Exp5,F2-AttGate,LOSGO,Fold 4,42,62.5,61.45102631280144,66.22633646990265,62.5,"[0.998444676399231, 0.0007066912367008626, 0.000848420721013099]"
Exp5,F2-AttGate-forced,LOSGO,Fold 4,42,63.74999999999999,63.07830594805981,68.416435994561,63.671875,"[0.3912210464477539, 0.3117460608482361, 0.2970328629016876]"
Exp5,F3-CrossAttn,LOSGO,Fold 4,42,40.833333333333336,39.21387335424994,42.475275158077885,39.0625,
Exp5,B1-MFCC-only,LOSGO,Fold 4,42,47.083333333333336,44.3335332641743,48.73615779403956,47.265625,
Exp5,B2-Prosody-only,LOSGO,Fold 4,42,32.916666666666664,31.121286512845398,35.350650495474135,32.421875,
Exp5,B0-control,LOSGO,Fold 5,42,70.83333333333334,69.48229436109908,73.15672271450491,68.75,
Exp5,F1-ConcatMLP,LOSGO,Fold 5,42,70.83333333333334,68.93294016635947,72.01211572535102,68.75,
Exp5,F2-AttGate,LOSGO,Fold 5,42,71.25,69.72112934473056,72.33518945212494,69.140625,"[0.9986202120780945, 0.0005161766312085092, 0.0008636185666546226]"
Exp5,F2-AttGate-forced,LOSGO,Fold 5,42,70.83333333333334,69.31832265899662,72.01733106040737,68.75,"[0.37766265869140625, 0.31708765029907227, 0.30524981021881104]"
Exp5,F3-CrossAttn,LOSGO,Fold 5,42,69.58333333333333,68.67307616573873,69.76773892198243,69.140625,
Exp5,B1-MFCC-only,LOSGO,Fold 5,42,50.0,46.42775976660111,58.675451514267294,48.046875,
Exp5,B2-Prosody-only,LOSGO,Fold 5,42,27.500000000000004,24.564245116943102,24.694209879621358,26.5625,
Exp5,B0-control,LOSGO,Fold 6,42,72.5,71.85251743784961,75.0508432000541,72.65625,
Exp5,F1-ConcatMLP,LOSGO,Fold 6,42,74.16666666666667,73.19913094686194,76.58182404900292,73.4375,
Exp5,F2-AttGate,LOSGO,Fold 6,42,73.33333333333333,72.89143812431927,76.02142045671516,73.4375,"[0.9991610646247864, 0.0003076264401897788, 0.0005312097491696477]"
Exp5,F2-AttGate-forced,LOSGO,Fold 6,42,74.16666666666667,73.37021090352795,76.35121006444537,74.21875,"[0.38765811920166016, 0.31124064326286316, 0.30110108852386475]"
Exp5,F3-CrossAttn,LOSGO,Fold 6,42,48.333333333333336,42.034665824808556,41.6298309178744,45.3125,
Exp5,B1-MFCC-only,LOSGO,Fold 6,42,43.75,41.178711330573286,46.89347517634455,41.015625,
Exp5,B2-Prosody-only,LOSGO,Fold 6,42,17.916666666666668,15.950206871190398,17.19766016676772,16.796875,
