Experiment,Feature,Model,Protocol,Fold,Seed,accuracy,f1_macro,precision_macro,recall_macro
Exp1,MFCC,SVM,5-fold CV,Fold 1,42,63.19444444444444,62.56893420605303,63.40505716098694,62.779183535762485
Exp1,MFCC,SVM,5-fold CV,Fold 2,42,72.56944444444444,72.06124202891078,72.92830424915952,71.96356275303644
Exp1,MFCC,SVM,5-fold CV,Fold 3,42,74.65277777777779,73.39687481052235,75.1538247365229,73.22874493927125
Exp1,MFCC,SVM,5-fold CV,Fold 4,42,67.36111111111111,66.49059650597214,67.1020473611937,66.77631578947368
Exp1,MFCC,SVM,5-fold CV,Fold 5,42,72.56944444444444,71.54981761818146,72.34649795133666,71.61774628879893
Exp1,MFCC,RF,5-fold CV,Fold 1,42,56.25,55.001847301448194,60.133513432268295,55.125674763832656
Exp1,MFCC,RF,5-fold CV,Fold 2,42,58.68055555555556,56.441057937749385,60.062307094892375,56.983805668016196
Exp1,MFCC,RF,5-fold CV,Fold 3,42,60.416666666666664,56.95419054136899,58.09456287671282,58.1646423751687
Exp1,MFCC,RF,5-fold CV,Fold 4,42,60.763888888888886,57.68603110641117,59.51561373105123,58.89844804318489
Exp1,MFCC,RF,5-fold CV,Fold 5,42,62.84722222222222,59.09403315210802,64.29407931818155,59.86842105263158
Exp1,MFCC,KNN,5-fold CV,Fold 1,42,45.13888888888889,44.616228111938895,47.22341930460532,45.49595141700405
Exp1,MFCC,KNN,5-fold CV,Fold 2,42,51.041666666666664,50.63335333990435,51.257801785832655,51.838731443994604
Exp1,MFCC,KNN,5-fold CV,Fold 3,42,48.26388888888889,46.74829543698993,48.097744591057555,47.225033738191634
Exp1,MFCC,KNN,5-fold CV,Fold 4,42,51.041666666666664,49.40374801154546,49.92087760702655,50.75067476383266
Exp1,MFCC,KNN,5-fold CV,Fold 5,42,46.875,45.50953944837968,47.19337164964801,46.5334008097166
Exp1,LogMel,SVM,5-fold CV,Fold 1,42,64.93055555555556,64.72269138699029,65.42920732281385,64.3564439946019
Exp1,LogMel,SVM,5-fold CV,Fold 2,42,69.79166666666666,69.31381872167547,69.85139336601596,69.71153846153847
Exp1,LogMel,SVM,5-fold CV,Fold 3,42,72.22222222222221,71.65082508646697,72.42205313025747,71.58400809716599
Exp1,LogMel,SVM,5-fold CV,Fold 4,42,68.75,67.67928144193966,67.71586971586972,68.75843454790824
Exp1,LogMel,SVM,5-fold CV,Fold 5,42,73.61111111111111,73.79200875899737,73.88240142316229,74.28306342780027
Exp1,LogMel,RF,5-fold CV,Fold 1,42,56.94444444444444,53.82077664046974,55.309317175918515,54.48127530364373
Exp1,LogMel,RF,5-fold CV,Fold 2,42,55.55555555555556,53.56034025336244,55.34535256410257,53.66902834008097
Exp1,LogMel,RF,5-fold CV,Fold 3,42,54.513888888888886,53.16041362563474,56.03868052237617,53.0195681511471
Exp1,LogMel,RF,5-fold CV,Fold 4,42,55.208333333333336,53.245367538626056,54.46025652930784,53.37381916329284
Exp1,LogMel,RF,5-fold CV,Fold 5,42,56.59722222222222,55.519591889101086,58.217519197955546,55.36437246963564
Exp1,LogMel,KNN,5-fold CV,Fold 1,42,50.0,49.02643784765435,50.77669159606244,50.642712550607285
Exp1,LogMel,KNN,5-fold CV,Fold 2,42,50.34722222222222,49.24829210881047,50.412315523808715,50.134952766531704
Exp1,LogMel,KNN,5-fold CV,Fold 3,42,50.34722222222222,49.555649248838876,50.231998032505544,50.43016194331984
Exp1,LogMel,KNN,5-fold CV,Fold 4,42,46.52777777777778,45.349135239760244,45.4470756227616,47.208164642375166
Exp1,LogMel,KNN,5-fold CV,Fold 5,42,50.69444444444444,50.020958842364884,50.67356008955849,51.56039136302295
Exp1,LPCC,SVM,5-fold CV,Fold 1,42,47.91666666666667,45.02114873842237,45.77540454731849,45.72537112010796
Exp1,LPCC,SVM,5-fold CV,Fold 2,42,56.94444444444444,56.72065322341058,58.13155430301863,56.983805668016196
Exp1,LPCC,SVM,5-fold CV,Fold 3,42,50.0,48.82694106109599,49.25338125114911,48.8191632928475
Exp1,LPCC,SVM,5-fold CV,Fold 4,42,47.56944444444444,46.76797625803844,47.162081568662,46.904520917678816
Exp1,LPCC,SVM,5-fold CV,Fold 5,42,50.69444444444444,49.21084526434421,49.61756104158972,49.42645074224021
Exp1,LPCC,RF,5-fold CV,Fold 1,42,43.40277777777778,40.86059610087071,43.00201625859521,41.44905533063428
Exp1,LPCC,RF,5-fold CV,Fold 2,42,45.83333333333333,45.65840904116029,47.28010210459392,45.588731443994604
Exp1,LPCC,RF,5-fold CV,Fold 3,42,45.13888888888889,44.01684116322274,44.81531505452752,43.927125506072876
Exp1,LPCC,RF,5-fold CV,Fold 4,42,44.44444444444444,43.87645312589655,44.60563891890087,43.9608636977058
Exp1,LPCC,RF,5-fold CV,Fold 5,42,45.48611111111111,44.59449126522862,45.95738833448306,44.56815114709851
Exp1,LPCC,KNN,5-fold CV,Fold 1,42,44.09722222222222,43.43560121805567,43.84592366233421,44.542847503373814
Exp1,LPCC,KNN,5-fold CV,Fold 2,42,50.0,49.395872318306985,51.28166878265492,50.8687584345479
Exp1,LPCC,KNN,5-fold CV,Fold 3,42,41.66666666666667,40.78845465791478,41.82010442256344,42.316126855600544
Exp1,LPCC,KNN,5-fold CV,Fold 4,42,44.79166666666667,44.34374242737588,44.69493528666916,46.263495276653174
Exp1,LPCC,KNN,5-fold CV,Fold 5,42,37.84722222222222,37.30710970270921,38.19490449709865,38.71457489878543
Exp1,Chroma,SVM,5-fold CV,Fold 1,42,47.91666666666667,46.80817984216961,47.082177571692796,47.569163292847506
Exp1,Chroma,SVM,5-fold CV,Fold 2,42,49.30555555555556,48.1571203104392,48.19230954901686,48.57456140350877
Exp1,Chroma,SVM,5-fold CV,Fold 3,42,47.22222222222222,45.1331139043523,45.42321801787202,45.192307692307686
Exp1,Chroma,SVM,5-fold CV,Fold 4,42,47.56944444444444,46.428737563605985,47.26184758572003,46.5334008097166
Exp1,Chroma,SVM,5-fold CV,Fold 5,42,52.43055555555556,51.98892275715955,52.48091789574665,52.10863697705803
Exp1,Chroma,RF,5-fold CV,Fold 1,42,44.79166666666667,41.909952827287135,50.72064670566061,43.13680836707153
Exp1,Chroma,RF,5-fold CV,Fold 2,42,48.26388888888889,43.93350827828037,47.2404178715043,46.28036437246964
Exp1,Chroma,RF,5-fold CV,Fold 3,42,48.95833333333333,43.60517569108959,45.911267967099015,46.128542510121456
Exp1,Chroma,RF,5-fold CV,Fold 4,42,39.58333333333333,35.846181290084616,36.952486292668866,38.03981106612685
Exp1,Chroma,RF,5-fold CV,Fold 5,42,45.48611111111111,41.780712544569724,43.59438888510291,43.252361673414306
Exp1,Chroma,KNN,5-fold CV,Fold 1,42,42.36111111111111,40.937075052950824,41.05768591788328,42.661099865047234
Exp1,Chroma,KNN,5-fold CV,Fold 2,42,39.23611111111111,38.566304655896964,39.15890959960232,40.08940620782726
Exp1,Chroma,KNN,5-fold CV,Fold 3,42,43.75,43.093921070453774,43.99800135904321,43.58130904183536
Exp1,Chroma,KNN,5-fold CV,Fold 4,42,37.15277777777778,35.94546066059954,36.20824154195045,37.727732793522264
Exp1,Chroma,KNN,5-fold CV,Fold 5,42,43.40277777777778,43.088633134872225,43.90761770493169,44.374156545209175
Exp1,Statistical,SVM,5-fold CV,Fold 1,42,35.76388888888889,35.143039838055515,36.15119654929133,35.53137651821862
Exp1,Statistical,SVM,5-fold CV,Fold 2,42,39.58333333333333,37.955996936888745,38.813447061430935,38.107287449392715
Exp1,Statistical,SVM,5-fold CV,Fold 3,42,40.625,38.69406719725852,39.858538993688306,39.28812415654521
Exp1,Statistical,SVM,5-fold CV,Fold 4,42,38.54166666666667,38.26033469448526,39.626977541707674,38.098852901484484
Exp1,Statistical,SVM,5-fold CV,Fold 5,42,44.09722222222222,42.42865821760881,42.479012674080586,43.302968960863694
Exp1,Statistical,RF,5-fold CV,Fold 1,42,35.41666666666667,33.32487657020988,34.32755663018821,34.297402159244264
Exp1,Statistical,RF,5-fold CV,Fold 2,42,37.84722222222222,37.23578376041628,37.68335889134208,37.48313090418354
Exp1,Statistical,RF,5-fold CV,Fold 3,42,39.58333333333333,37.50117796246416,37.821244638528725,38.61336032388664
Exp1,Statistical,RF,5-fold CV,Fold 4,42,39.93055555555556,38.499128222877246,39.483008715303605,39.372469635627525
Exp1,Statistical,RF,5-fold CV,Fold 5,42,43.75,42.94472932354459,43.196428763862976,43.033063427800265
Exp1,Statistical,KNN,5-fold CV,Fold 1,42,33.33333333333333,32.49438695312343,33.19673156966736,33.524797570850204
Exp1,Statistical,KNN,5-fold CV,Fold 2,42,29.51388888888889,28.812536681348565,29.185346276922964,29.698043184885293
Exp1,Statistical,KNN,5-fold CV,Fold 3,42,33.33333333333333,31.45852597000148,31.41586991856389,32.07658569500675
Exp1,Statistical,KNN,5-fold CV,Fold 4,42,28.819444444444443,27.70057191585599,28.595221112347584,28.6774628879892
Exp1,Statistical,KNN,5-fold CV,Fold 5,42,33.33333333333333,32.50270270617543,33.047539540138224,33.89001349527665
Exp1,Prosody,SVM,5-fold CV,Fold 1,42,52.43055555555556,51.498341690420844,52.83815428005244,51.778002699055335
Exp1,Prosody,SVM,5-fold CV,Fold 2,42,55.208333333333336,53.92042269208633,54.679164458576224,53.7533738191633
Exp1,Prosody,SVM,5-fold CV,Fold 3,42,50.69444444444444,48.41861956050026,49.67845462950162,48.35526315789473
Exp1,Prosody,SVM,5-fold CV,Fold 4,42,46.52777777777778,45.571696328728414,45.842546082760585,46.55026990553306
Exp1,Prosody,SVM,5-fold CV,Fold 5,42,51.736111111111114,51.14067867532513,52.971090300155154,51.762820512820504
Exp1,Prosody,RF,5-fold CV,Fold 1,42,55.90277777777778,54.545814184894724,56.86939941978696,55.059041835357625
Exp1,Prosody,RF,5-fold CV,Fold 2,42,59.02777777777778,58.021390011228725,58.572390583313336,58.55263157894737
Exp1,Prosody,RF,5-fold CV,Fold 3,42,56.94444444444444,54.816145471780956,55.2724287873414,55.57523616734144
Exp1,Prosody,RF,5-fold CV,Fold 4,42,55.90277777777778,54.083892449774005,53.67996691774135,55.66801619433198
Exp1,Prosody,RF,5-fold CV,Fold 5,42,54.513888888888886,53.26364136597075,55.42209241860137,53.78711201079622
Exp1,Prosody,KNN,5-fold CV,Fold 1,42,45.48611111111111,45.14348679872343,47.845564820171035,46.425438596491226
Exp1,Prosody,KNN,5-fold CV,Fold 2,42,40.625,39.4532289598526,40.97478500200541,39.709851551956824
Exp1,Prosody,KNN,5-fold CV,Fold 3,42,41.31944444444444,39.75103816285862,40.44670236607356,40.274966261808366
Exp1,Prosody,KNN,5-fold CV,Fold 4,42,38.54166666666667,38.17779390057731,41.36993698526206,38.75674763832658
Exp1,Prosody,KNN,5-fold CV,Fold 5,42,46.52777777777778,45.209999570383246,46.95624596807573,46.288798920377864
Exp1,MFCC+Prosody,SVM,5-fold CV,Fold 1,42,66.31944444444444,65.66181588787715,65.94237284454675,65.99358974358975
Exp1,MFCC+Prosody,SVM,5-fold CV,Fold 2,42,71.52777777777779,71.06156241582701,71.8425651620761,71.00202429149797
Exp1,MFCC+Prosody,SVM,5-fold CV,Fold 3,42,76.04166666666666,74.91146462826943,76.13259385429356,74.86504723346829
Exp1,MFCC+Prosody,SVM,5-fold CV,Fold 4,42,71.52777777777779,70.56309160631807,70.74212686712687,71.01045883940621
Exp1,MFCC+Prosody,SVM,5-fold CV,Fold 5,42,73.95833333333334,72.82310751457725,73.57945112619599,72.93353576248313
Exp1,MFCC+Prosody,RF,5-fold CV,Fold 1,42,57.291666666666664,56.52533975398325,58.85626985398791,56.67931848852902
Exp1,MFCC+Prosody,RF,5-fold CV,Fold 2,42,62.84722222222222,61.62556388866855,64.8266732653247,61.82523616734144
Exp1,MFCC+Prosody,RF,5-fold CV,Fold 3,42,67.70833333333334,65.94792185618799,68.416830738937,66.00033738191632
Exp1,MFCC+Prosody,RF,5-fold CV,Fold 4,42,62.5,58.89973249352632,59.34575413333485,60.526315789473685
Exp1,MFCC+Prosody,RF,5-fold CV,Fold 5,42,60.06944444444444,58.13847630965151,61.031638977990276,58.28272604588393
Exp1,MFCC+Prosody,KNN,5-fold CV,Fold 1,42,45.13888888888889,44.78053931382032,47.25226595762311,45.52125506072875
Exp1,MFCC+Prosody,KNN,5-fold CV,Fold 2,42,52.43055555555556,52.02221223111223,52.8360942394072,52.79183535762483
Exp1,MFCC+Prosody,KNN,5-fold CV,Fold 3,42,51.041666666666664,49.603193738165466,51.48370992360303,50.13495276653172
Exp1,MFCC+Prosody,KNN,5-fold CV,Fold 4,42,51.041666666666664,50.00391694000258,51.654411764705884,51.45074224021593
Exp1,MFCC+Prosody,KNN,5-fold CV,Fold 5,42,49.65277777777778,48.924882140140916,50.795898989908515,49.82287449392713
