Experiment,Model,Protocol,Fold,Seed,accuracy,f1_macro,precision_macro,recall_macro,Source
Exp8,CNN1D+MFCC,5-fold CV,Fold 1,42,22.916666666666664,17.726692154314293,22.396666451668384,21.65991902834008,re-implemented
Exp8,CNN1D+MFCC,5-fold CV,Fold 2,42,24.65277777777778,17.273276416978664,18.48672649800676,22.992577597840754,re-implemented
Exp8,CNN1D+MFCC,5-fold CV,Fold 3,42,23.958333333333336,18.578919598376594,20.502341257821723,22.309379217273953,re-implemented
Exp8,CNN1D+MFCC,5-fold CV,Fold 4,42,33.33333333333333,26.554556993933154,26.862528911673934,31.174089068825918,re-implemented
Exp8,CNN1D+MFCC,5-fold CV,Fold 5,42,26.041666666666668,17.02250847037512,20.054505185825413,24.544534412955464,re-implemented
Exp8,LSTM+MFCC,5-fold CV,Fold 1,42,39.93055555555556,35.53210116157436,34.49734979340243,37.64338731443995,re-implemented
Exp8,LSTM+MFCC,5-fold CV,Fold 2,42,47.22222222222222,43.932798361760504,46.16942571695212,44.55971659919028,re-implemented
Exp8,LSTM+MFCC,5-fold CV,Fold 3,42,51.388888888888886,45.97179937885849,46.03356496866727,48.1359649122807,re-implemented
Exp8,LSTM+MFCC,5-fold CV,Fold 4,42,43.40277777777778,41.40279262362275,42.91477269360808,41.287112010796214,re-implemented
Exp8,LSTM+MFCC,5-fold CV,Fold 5,42,43.75,41.74248574084761,42.4870722350405,42.324561403508774,re-implemented
Exp8,CNN2D+LogMel,5-fold CV,Fold 1,42,35.41666666666667,28.50964586929301,34.72054082089948,33.375506072874494,re-implemented
Exp8,CNN2D+LogMel,5-fold CV,Fold 2,42,37.84722222222222,31.361506288871244,30.985946341569992,35.48414304993253,re-implemented
Exp8,CNN2D+LogMel,5-fold CV,Fold 3,42,46.18055555555556,35.58507969202714,41.259143863957526,43.06680161943319,re-implemented
Exp8,CNN2D+LogMel,5-fold CV,Fold 4,42,39.93055555555556,30.10002889016665,32.792402541510164,37.559041835357625,re-implemented
Exp8,CNN2D+LogMel,5-fold CV,Fold 5,42,43.75,40.56881208802466,46.42796672098245,42.47638326585695,re-implemented
Exp8,CNN1D+MFCC,LOSGO,Fold 1,42,25.833333333333336,21.362345437249886,23.748035127345474,24.21875,re-implemented
Exp8,CNN1D+MFCC,LOSGO,Fold 2,42,27.083333333333332,18.152225396865063,16.559553836095777,25.390625,re-implemented
Exp8,CNN1D+MFCC,LOSGO,Fold 3,42,28.333333333333332,22.698399674725785,26.465844284253627,26.5625,re-implemented
Exp8,CNN1D+MFCC,LOSGO,Fold 4,42,32.083333333333336,22.40622642883281,21.884792906961064,30.078125,re-implemented
Exp8,CNN1D+MFCC,LOSGO,Fold 5,42,25.0,17.40951159195988,18.08200161304062,23.4375,re-implemented
Exp8,CNN1D+MFCC,LOSGO,Fold 6,42,28.333333333333332,20.780440309013414,21.486619027602632,26.5625,re-implemented
Exp8,LSTM+MFCC,LOSGO,Fold 1,42,28.749999999999996,23.91186239634835,22.447930748805835,26.953125,re-implemented
Exp8,LSTM+MFCC,LOSGO,Fold 2,42,28.333333333333332,23.970027042780085,26.9030405140567,26.5625,re-implemented
Exp8,LSTM+MFCC,LOSGO,Fold 3,42,32.083333333333336,28.45826428301461,29.334753313422567,30.078125,re-implemented
Exp8,LSTM+MFCC,LOSGO,Fold 4,42,32.083333333333336,29.07398882283596,34.03256537933711,30.859375,re-implemented
Exp8,LSTM+MFCC,LOSGO,Fold 5,42,32.5,28.04627176221308,28.32282913165266,30.46875,re-implemented
Exp8,LSTM+MFCC,LOSGO,Fold 6,42,28.333333333333332,24.399590383457255,26.879357993197278,26.5625,re-implemented
Exp8,CNN2D+LogMel,LOSGO,Fold 1,42,40.0,32.292762464594325,33.05335179632406,37.5,re-implemented
Exp8,CNN2D+LogMel,LOSGO,Fold 2,42,41.25,30.898184727355112,28.18675178588972,38.671875,re-implemented
Exp8,CNN2D+LogMel,LOSGO,Fold 3,42,31.666666666666664,27.237723568630045,41.57095348727249,29.6875,re-implemented
Exp8,CNN2D+LogMel,LOSGO,Fold 4,42,32.5,23.3893617545535,45.316234935301544,30.46875,re-implemented
Exp8,CNN2D+LogMel,LOSGO,Fold 5,42,37.5,30.86982664155662,32.400199699856756,35.15625,re-implemented
Exp8,CNN2D+LogMel,LOSGO,Fold 6,42,28.749999999999996,24.9585260977302,25.353990904491276,26.953125,re-implemented
Exp8,Wei et al. 2025 (CNN+Transformer),Random split,reported,,80.0,,,,literature
Exp8,Bhanbhro et al. 2025 (CNN-LSTM),Random split,reported,,98.1,,,,literature
Exp8,Waleed & Shaker 2025 (CNN),Random split,reported,,91.9,,,,literature
Exp8,Vijaya Bharathi & Nitnaware 2026 (Hopfield NN),Random split,reported,,90.0,,,,literature
