Experiment,Model,Protocol,Fold,Seed,accuracy,f1_macro,precision_macro,recall_macro,per_class_f1
Exp3,xHuBERT-full,5-fold CV,Fold 1,42,86.45833333333334,85.88706698964398,86.05134197239461,86.66329284750337,"{'neutral': 76.59574468085107, 'calm': 82.66666666666667, 'happy': 90.9090909090909, 'sad': 82.05128205128204, 'angry': 87.17948717948718, 'fearful': 91.13924050632912, 'disgust': 81.81818181818183, 'surprised': 94.73684210526315}"
Exp3,xHuBERT-full,5-fold CV,Fold 2,42,90.27777777777779,90.24741241383951,91.30348217928542,90.23279352,"{'neutral': 89.47368421052632, 'calm': 91.35802469135803, 'happy': 86.36363636363636, 'sad': 84.50704225352112, 'angry': 94.73684210526315, 'fearful': 91.42857142857143, 'disgust': 92.6829268292683, 'surprised': 91.42857142857143}"
Exp3,xHuBERT-full,5-fold CV,Fold 3,42,91.66666666666666,91.52140866407183,91.66586313017446,91.86909581646422,"{'neutral': 90.0, 'calm': 90.41095890410958, 'happy': 90.0, 'sad': 92.5, 'angry': 96.20253164556962, 'fearful': 91.13924050632912, 'disgust': 94.5945945945946, 'surprised': 87.32394366197182}"
Exp3,xHuBERT-full,5-fold CV,Fold 4,42,85.06944444444444,84.39823859230167,84.95314992025517,85.36605937921728,"{'neutral': 65.38461538461539, 'calm': 89.47368421052632, 'happy': 75.32467532467533, 'sad': 84.21052631578947, 'angry': 93.15068493150685, 'fearful': 89.1891891891892, 'disgust': 90.14084507042254, 'surprised': 88.31168831168831}"
Exp3,xHuBERT-full,5-fold CV,Fold 5,42,88.54166666666666,87.98161268556005,88.14279178086944,87.92172739541161,"{'neutral': 78.94736842105263, 'calm': 84.61538461538461, 'happy': 85.0, 'sad': 81.57894736842105, 'angry': 92.3076923076923, 'fearful': 96.0, 'disgust': 90.66666666666666, 'surprised': 94.73684210526315}"
Exp3,xHuBERT-full,LOSGO,Fold 1,42,51.24999999999999,43.09477947520921,55.893398268398265,48.4375,"{'neutral': 11.76470588235294, 'calm': 68.18181818181817, 'happy': 15.789473684210526, 'sad': 17.02127659574468, 'angry': 52.87356321839081, 'fearful': 68.29268292682927, 'disgust': 62.68656716417911, 'surprised': 48.148148148148145}"
Exp3,xHuBERT-full,LOSGO,Fold 2,42,79.16666666666666,78.47898651412773,80.05409831396673,78.90625,"{'neutral': 68.57142857142857, 'calm': 78.04878048780488, 'happy': 73.68421052631578, 'sad': 60.0, 'angry': 89.23076923076924, 'fearful': 90.0, 'disgust': 86.15384615384616, 'surprised': 82.14285714285714}"
Exp3,xHuBERT-full,LOSGO,Fold 3,42,61.25000000000001,63.07415657,74.19488406330511,60.9375,"{'neutral': 62.06896551724138, 'calm': 67.85714285714286, 'happy': 55.00000000000001, 'sad': 46.2962962962963, 'angry': 74.07407407407408, 'fearful': 75.86206896551724, 'disgust': 46.51162790697674, 'surprised': 76.92307692307693}"
Exp3,xHuBERT-full,LOSGO,Fold 4,42,62.083333333333336,60.73638055860259,66.33514157411216,62.109375,"{'neutral': 48.78048780487805, 'calm': 58.333333333333336, 'happy': 50.602409638554214, 'sad': 40.0, 'angry': 73.80952380952381, 'fearful': 70.76923076923077, 'disgust': 64.28571428571429, 'surprised': 79.3103448275862}"
Exp3,xHuBERT-full,LOSGO,Fold 5,42,71.66666666666667,69.86013063888909,72.60533345462781,69.53125,"{'neutral': 50.0, 'calm': 74.6268656716418, 'happy': 65.625, 'sad': 53.333333333333336, 'angry': 82.75862068965517, 'fearful': 71.05263157894737, 'disgust': 85.29411764705883, 'surprised': 76.19047619047619}"
Exp3,xHuBERT-full,LOSGO,Fold 6,42,70.41666666666667,69.04963641209775,73.49563054962347,69.921875,"{'neutral': 64.51612903225806, 'calm': 80.0, 'happy': 57.14285714285714, 'sad': 52.054794520547944, 'angry': 84.93150684931507, 'fearful': 54.54545454545454, 'disgust': 76.66666666666667, 'surprised': 82.53968253968253}"
Exp3,xHuBERT-full,LOSGO,Fold 1,43,74.16666666666667,72.64016385539723,74.69662564508457,73.4375,"{'neutral': 66.66666666666666, 'calm': 78.78787878787878, 'happy': 65.88235294117646, 'sad': 34.78260869565217, 'angry': 87.87878787878788, 'fearful': 82.53968253968253, 'disgust': 83.33333333333334, 'surprised': 81.25}"
Exp3,xHuBERT-full,LOSGO,Fold 2,43,83.33333333333334,82.33587238413203,84.27409836,82.03125,"{'neutral': 68.96551724137932, 'calm': 79.01234567901234, 'happy': 74.19354838709677, 'sad': 70.0, 'angry': 95.23809523809523, 'fearful': 82.14285714285714, 'disgust': 93.75, 'surprised': 95.38461538461539}"
Exp3,xHuBERT-full,LOSGO,Fold 3,43,66.66666666666666,67.51224148023108,71.44779107860664,66.796875,"{'neutral': 68.75, 'calm': 77.77777777777779, 'happy': 59.01639344262295, 'sad': 44.44444444444444, 'angry': 78.57142857142857, 'fearful': 71.23287671232876, 'disgust': 58.82352941176471, 'surprised': 81.48148148148148}"
Exp3,xHuBERT-full,LOSGO,Fold 4,43,60.83333333333333,58.96815130959219,63.48581061919415,60.15625,"{'neutral': 41.02564102564102, 'calm': 66.66666666666666, 'happy': 57.14285714285714, 'sad': 40.816326530612244, 'angry': 70.45454545454545, 'fearful': 62.16216216216216, 'disgust': 54.166666666666664, 'surprised': 79.3103448275862}"
Exp3,xHuBERT-full,LOSGO,Fold 5,43,70.83333333333334,69.55500481183556,71.10303867763545,69.140625,"{'neutral': 48.275862068965516, 'calm': 73.68421052631578, 'happy': 70.58823529411765, 'sad': 54.285714285714285, 'angry': 75.0, 'fearful': 73.52941176470588, 'disgust': 85.71428571428571, 'surprised': 75.36231884057972}"
Exp3,xHuBERT-full,LOSGO,Fold 6,43,71.25,70.36949237057613,74.19410381707542,71.484375,"{'neutral': 77.41935483870968, 'calm': 81.57894736842105, 'happy': 68.85245901639344, 'sad': 61.53846153846154, 'angry': 78.04878048780488, 'fearful': 60.86956521739131, 'disgust': 52.83018867924528, 'surprised': 81.81818181818183}"
Exp3,xHuBERT-full,LOSGO,Fold 1,44,77.08333333333334,76.34339085428006,79.31952048772808,76.171875,"{'neutral': 71.42857142857143, 'calm': 84.375, 'happy': 64.19753086419753, 'sad': 48.97959183673469, 'angry': 84.7457627118644, 'fearful': 84.05797101449275, 'disgust': 91.80327868852459, 'surprised': 81.15942028985508}"
Exp3,xHuBERT-full,LOSGO,Fold 2,44,72.5,70.46465386298031,73.77699746478386,71.09375,"{'neutral': 53.333333333333336, 'calm': 70.32967032967034, 'happy': 56.60377358490566, 'sad': 46.42857142857143, 'angry': 85.71428571428571, 'fearful': 72.72727272727273, 'disgust': 87.67123287671232, 'surprised': 90.9090909090909}"
Exp3,xHuBERT-full,LOSGO,Fold 3,44,69.58333333333333,69.26274777,72.39749877,68.75,"{'neutral': 58.06451612903226, 'calm': 70.27027027027027, 'happy': 59.25925925925925, 'sad': 57.14285714285714, 'angry': 80.0, 'fearful': 79.36507936507937, 'disgust': 64.28571428571429, 'surprised': 85.71428571428571}"
Exp3,xHuBERT-full,LOSGO,Fold 4,44,64.58333333333334,62.51565803382664,69.4622077,64.453125,"{'neutral': 46.51162790697674, 'calm': 66.66666666666666, 'happy': 56.25, 'sad': 25.0, 'angry': 82.66666666666667, 'fearful': 66.66666666666666, 'disgust': 72.72727272727273, 'surprised': 83.63636363636363}"
Exp3,xHuBERT-full,LOSGO,Fold 5,44,72.08333333333333,70.81159031449337,73.92435870815231,69.921875,"{'neutral': 50.0, 'calm': 75.86206896551724, 'happy': 66.66666666666666, 'sad': 53.333333333333336, 'angry': 80.0, 'fearful': 74.6268656716418, 'disgust': 87.87878787878788, 'surprised': 78.125}"
Exp3,xHuBERT-full,LOSGO,Fold 6,44,73.33333333333333,72.66238839615305,75.91155348393687,73.828125,"{'neutral': 70.27027027027027, 'calm': 82.53968253968253, 'happy': 72.1311475409836, 'sad': 61.33333333333333, 'angry': 81.57894736842105, 'fearful': 69.38775510204081, 'disgust': 60.0, 'surprised': 84.05797101449275}"
