Experiment,Model,Protocol,Fold,Seed,accuracy,f1_macro,precision_macro,recall_macro,per_class_f1,param_counts
Exp4,HuBERT-vanilla-FT,LOSGO,Fold 1,42,47.083333333333336,38.49098516218081,47.8265734921001,44.921875,"{'neutral': 22.22222222222222, 'calm': 67.5, 'happy': 0.0, 'sad': 23.809523809523807, 'angry': 52.17391304347826, 'fearful': 66.66666666666666, 'disgust': 53.333333333333336, 'surprised': 22.22222222222222}","{'total': 94570632, 'trainable': 89975176, 'sla': 0, 'attention_pool': 0, 'head': 198920}"
Exp4,HuBERT-vanilla-FT,LOSGO,Fold 2,42,77.91666666666667,76.88650941737401,78.94437605430313,77.734375,"{'neutral': 53.333333333333336, 'calm': 78.78787878787878, 'happy': 77.61194029850746, 'sad': 65.625, 'angry': 91.17647058823529, 'fearful': 95.23809523809523, 'disgust': 74.07407407407408, 'surprised': 79.24528301886792}","{'total': 94570632, 'trainable': 89975176, 'sla': 0, 'attention_pool': 0, 'head': 198920}"
Exp4,HuBERT-vanilla-FT,LOSGO,Fold 3,42,57.08333333333333,58.018486008775284,72.09212457158614,57.03125,"{'neutral': 60.0, 'calm': 70.17543859649122, 'happy': 44.827586206896555, 'sad': 45.0, 'angry': 76.36363636363637, 'fearful': 69.33333333333334, 'disgust': 54.54545454545454, 'surprised': 43.90243902439025}","{'total': 94570632, 'trainable': 89975176, 'sla': 0, 'attention_pool': 0, 'head': 198920}"
Exp4,HuBERT-vanilla-FT,LOSGO,Fold 4,42,62.916666666666664,61.618331543143576,69.9718039572849,63.671875,"{'neutral': 52.17391304347826, 'calm': 69.38775510204081, 'happy': 57.14285714285714, 'sad': 47.82608695652174, 'angry': 71.11111111111111, 'fearful': 65.71428571428571, 'disgust': 48.888888888888886, 'surprised': 80.7017543859649}","{'total': 94570632, 'trainable': 89975176, 'sla': 0, 'attention_pool': 0, 'head': 198920}"
Exp4,HuBERT-vanilla-FT,LOSGO,Fold 5,42,65.83333333333333,65.61815346364301,71.87349628885924,64.0625,"{'neutral': 52.17391304347826, 'calm': 60.37735849056604, 'happy': 56.666666666666664, 'sad': 46.34146341463415, 'angry': 79.3103448275862, 'fearful': 65.82278481012658, 'disgust': 91.52542372881356, 'surprised': 72.72727272727273}","{'total': 94570632, 'trainable': 89975176, 'sla': 0, 'attention_pool': 0, 'head': 198920}"
Exp4,HuBERT-vanilla-FT,LOSGO,Fold 6,42,80.41666666666667,81.1339660979187,82.91050180312351,81.25,"{'neutral': 90.9090909090909, 'calm': 81.69014084507043, 'happy': 75.47169811320755, 'sad': 57.971014492753625, 'angry': 92.3076923076923, 'fearful': 82.14285714285714, 'disgust': 85.24590163934425, 'surprised': 83.33333333333334}","{'total': 94570632, 'trainable': 89975176, 'sla': 0, 'attention_pool': 0, 'head': 198920}"
Exp4,HuBERT-vanilla-FT,LOSGO,Fold 1,43,79.16666666666666,77.61038592757562,79.60120777288554,78.515625,"{'neutral': 68.75, 'calm': 83.07692307692308, 'happy': 69.23076923076923, 'sad': 47.82608695652174, 'angry': 89.23076923076924, 'fearful': 93.54838709677419, 'disgust': 89.85507246376811, 'surprised': 79.36507936507937}","{'total': 94570632, 'trainable': 89975176, 'sla': 0, 'attention_pool': 0, 'head': 198920}"
Exp4,HuBERT-vanilla-FT,LOSGO,Fold 2,43,83.75,82.73054621108093,83.65630417321194,82.8125,"{'neutral': 66.66666666666666, 'calm': 88.57142857142857, 'happy': 76.66666666666667, 'sad': 77.14285714285715, 'angry': 88.23529411764706, 'fearful': 88.52459016393442, 'disgust': 90.32258064516128, 'surprised': 85.71428571428571}","{'total': 94570632, 'trainable': 89975176, 'sla': 0, 'attention_pool': 0, 'head': 198920}"
Exp4,HuBERT-vanilla-FT,LOSGO,Fold 3,43,66.66666666666666,68.05212450592886,74.56602319781668,66.015625,"{'neutral': 66.66666666666666, 'calm': 66.66666666666666, 'happy': 65.45454545454545, 'sad': 47.82608695652174, 'angry': 80.0, 'fearful': 67.5, 'disgust': 66.66666666666666, 'surprised': 83.63636363636363}","{'total': 94570632, 'trainable': 89975176, 'sla': 0, 'attention_pool': 0, 'head': 198920}"
Exp4,HuBERT-vanilla-FT,LOSGO,Fold 4,43,67.08333333333333,65.23670751815256,67.89653839883113,66.40625,"{'neutral': 43.90243902439025, 'calm': 64.28571428571429, 'happy': 68.35443037974683, 'sad': 44.0, 'angry': 78.48101265822784, 'fearful': 72.1311475409836, 'disgust': 71.42857142857143, 'surprised': 79.3103448275862}","{'total': 94570632, 'trainable': 89975176, 'sla': 0, 'attention_pool': 0, 'head': 198920}"
Exp4,HuBERT-vanilla-FT,LOSGO,Fold 5,43,71.66666666666667,70.12462371821555,73.36116643401185,69.53125,"{'neutral': 46.15384615384615, 'calm': 77.96610169491525, 'happy': 63.63636363636363, 'sad': 56.00000000000001, 'angry': 74.50980392156863, 'fearful': 74.6268656716418, 'disgust': 89.23076923076924, 'surprised': 78.87323943661971}","{'total': 94570632, 'trainable': 89975176, 'sla': 0, 'attention_pool': 0, 'head': 198920}"
Exp4,HuBERT-vanilla-FT,LOSGO,Fold 6,43,76.25,76.1186109212425,79.17676478746273,75.78125,"{'neutral': 78.57142857142857, 'calm': 86.11111111111111, 'happy': 70.17543859649122, 'sad': 63.888888888888886, 'angry': 83.33333333333334, 'fearful': 77.77777777777779, 'disgust': 69.0909090909091, 'surprised': 80.0}","{'total': 94570632, 'trainable': 89975176, 'sla': 0, 'attention_pool': 0, 'head': 198920}"
Exp4,HuBERT-vanilla-FT,LOSGO,Fold 1,44,77.08333333333334,76.5956905539216,77.77506941635488,76.953125,"{'neutral': 70.58823529411765, 'calm': 78.68852459016394, 'happy': 68.29268292682927, 'sad': 51.85185185185185, 'angry': 90.625, 'fearful': 85.24590163934425, 'disgust': 92.06349206349206, 'surprised': 75.40983606557377}","{'total': 94570632, 'trainable': 89975176, 'sla': 0, 'attention_pool': 0, 'head': 198920}"
Exp4,HuBERT-vanilla-FT,LOSGO,Fold 2,44,82.5,81.72730525863756,83.23972734254991,82.03125,"{'neutral': 70.58823529411765, 'calm': 79.48717948717949, 'happy': 74.6268656716418, 'sad': 69.0909090909091, 'angry': 93.75, 'fearful': 93.75, 'disgust': 88.88888888888889, 'surprised': 83.63636363636363}","{'total': 94570632, 'trainable': 89975176, 'sla': 0, 'attention_pool': 0, 'head': 198920}"
Exp4,HuBERT-vanilla-FT,LOSGO,Fold 3,44,70.83333333333334,72.81849414919832,80.39608833812555,70.703125,"{'neutral': 75.86206896551724, 'calm': 88.13559322033898, 'happy': 67.85714285714286, 'sad': 52.336448598130836, 'angry': 78.68852459016394, 'fearful': 80.0, 'disgust': 62.745098039215684, 'surprised': 76.92307692307693}","{'total': 94570632, 'trainable': 89975176, 'sla': 0, 'attention_pool': 0, 'head': 198920}"
Exp4,HuBERT-vanilla-FT,LOSGO,Fold 4,44,68.33333333333333,67.55069446681495,71.14987249260854,69.140625,"{'neutral': 50.98039215686274, 'calm': 66.66666666666666, 'happy': 63.1578947368421, 'sad': 55.55555555555556, 'angry': 84.93150684931507, 'fearful': 75.40983606557377, 'disgust': 70.37037037037037, 'surprised': 73.33333333333333}","{'total': 94570632, 'trainable': 89975176, 'sla': 0, 'attention_pool': 0, 'head': 198920}"
Exp4,HuBERT-vanilla-FT,LOSGO,Fold 5,44,72.08333333333333,70.30173952710796,72.48039753682902,69.921875,"{'neutral': 48.0, 'calm': 75.40983606557377, 'happy': 70.17543859649122, 'sad': 51.42857142857142, 'angry': 81.25, 'fearful': 75.0, 'disgust': 86.95652173913044, 'surprised': 74.19354838709677}","{'total': 94570632, 'trainable': 89975176, 'sla': 0, 'attention_pool': 0, 'head': 198920}"
Exp4,HuBERT-vanilla-FT,LOSGO,Fold 6,44,75.83333333333333,75.46635461642967,79.04118404118404,75.390625,"{'neutral': 70.96774193548387, 'calm': 89.55223880597015, 'happy': 72.46376811594203, 'sad': 54.54545454545454, 'angry': 88.23529411764706, 'fearful': 60.86956521739131, 'disgust': 80.0, 'surprised': 87.09677419354838}","{'total': 94570632, 'trainable': 89975176, 'sla': 0, 'attention_pool': 0, 'head': 198920}"
Exp4,xHuBERT-SLA,LOSGO,Fold 1,42,73.33333333333333,70.50383254160107,73.46321498835086,70.3125,"{'neutral': 29.629629629629626, 'calm': 67.9245283018868, 'happy': 59.09090909090909, 'sad': 58.18181818181818, 'angry': 87.09677419354838, 'fearful': 90.32258064516128, 'disgust': 90.625, 'surprised': 81.15942028985508}","{'total': 94570645, 'trainable': 89975189, 'sla': 13, 'attention_pool': 0, 'head': 198920}"
Exp4,xHuBERT-SLA,LOSGO,Fold 2,42,72.91666666666666,72.00420312559011,75.29303192018709,71.875,"{'neutral': 60.0, 'calm': 67.36842105263158, 'happy': 70.0, 'sad': 37.03703703703704, 'angry': 87.5, 'fearful': 88.52459016393442, 'disgust': 81.9672131147541, 'surprised': 83.63636363636363}","{'total': 94570645, 'trainable': 89975189, 'sla': 13, 'attention_pool': 0, 'head': 198920}"
Exp4,xHuBERT-SLA,LOSGO,Fold 3,42,70.83333333333334,71.6969907673264,76.05406660257023,70.3125,"{'neutral': 71.42857142857143, 'calm': 77.14285714285715, 'happy': 65.57377049180327, 'sad': 57.14285714285714, 'angry': 75.86206896551724, 'fearful': 74.57627118644068, 'disgust': 69.0909090909091, 'surprised': 82.75862068965517}","{'total': 94570645, 'trainable': 89975189, 'sla': 13, 'attention_pool': 0, 'head': 198920}"
Exp4,xHuBERT-SLA,LOSGO,Fold 4,42,57.49999999999999,55.74868942185132,63.42757881709908,57.421875,"{'neutral': 38.297872340425535, 'calm': 65.38461538461539, 'happy': 53.125, 'sad': 33.33333333333333, 'angry': 59.04761904761905, 'fearful': 70.96774193548387, 'disgust': 45.83333333333333, 'surprised': 80.0}","{'total': 94570645, 'trainable': 89975189, 'sla': 13, 'attention_pool': 0, 'head': 198920}"
Exp4,xHuBERT-SLA,LOSGO,Fold 5,42,74.16666666666667,71.9421007043775,75.73722760214696,71.484375,"{'neutral': 45.45454545454545, 'calm': 76.47058823529412, 'happy': 70.4225352112676, 'sad': 61.53846153846154, 'angry': 83.33333333333334, 'fearful': 74.6268656716418, 'disgust': 87.5, 'surprised': 76.19047619047619}","{'total': 94570645, 'trainable': 89975189, 'sla': 13, 'attention_pool': 0, 'head': 198920}"
Exp4,xHuBERT-SLA,LOSGO,Fold 6,42,75.83333333333333,75.27785229926813,78.91242365017273,75.390625,"{'neutral': 75.86206896551724, 'calm': 83.78378378378379, 'happy': 72.72727272727273, 'sad': 60.0, 'angry': 84.05797101449275, 'fearful': 66.66666666666666, 'disgust': 74.19354838709677, 'surprised': 84.93150684931507}","{'total': 94570645, 'trainable': 89975189, 'sla': 13, 'attention_pool': 0, 'head': 198920}"
Exp4,xHuBERT-SLA,LOSGO,Fold 1,43,71.66666666666667,67.86798836404131,72.29466499243375,68.75,"{'neutral': 28.57142857142857, 'calm': 73.33333333333333, 'happy': 58.94736842105262, 'sad': 33.33333333333333, 'angry': 88.52459016393442, 'fearful': 84.84848484848484, 'disgust': 91.80327868852459, 'surprised': 83.5820895522388}","{'total': 94570645, 'trainable': 89975189, 'sla': 13, 'attention_pool': 0, 'head': 198920}"
Exp4,xHuBERT-SLA,LOSGO,Fold 2,43,80.83333333333333,80.02929163737666,81.70300387596899,79.6875,"{'neutral': 62.5, 'calm': 83.33333333333334, 'happy': 74.19354838709677, 'sad': 72.0, 'angry': 91.52542372881356, 'fearful': 93.54838709677419, 'disgust': 77.41935483870968, 'surprised': 85.71428571428571}","{'total': 94570645, 'trainable': 89975189, 'sla': 13, 'attention_pool': 0, 'head': 198920}"
Exp4,xHuBERT-SLA,LOSGO,Fold 3,43,65.41666666666667,62.631970302880276,69.49423255064393,62.109375,"{'neutral': 20.0, 'calm': 69.23076923076923, 'happy': 66.66666666666666, 'sad': 49.46236559139785, 'angry': 77.96610169491525, 'fearful': 79.36507936507937, 'disgust': 66.66666666666666, 'surprised': 71.69811320754717}","{'total': 94570645, 'trainable': 89975189, 'sla': 13, 'attention_pool': 0, 'head': 198920}"
Exp4,xHuBERT-SLA,LOSGO,Fold 4,43,57.49999999999999,54.44191587668765,59.70719345395308,55.46875,"{'neutral': 22.857142857142858, 'calm': 66.66666666666666, 'happy': 49.275362318840585, 'sad': 35.55555555555556, 'angry': 62.62626262626263, 'fearful': 70.58823529411765, 'disgust': 50.0, 'surprised': 77.96610169491525}","{'total': 94570645, 'trainable': 89975189, 'sla': 13, 'attention_pool': 0, 'head': 198920}"
Exp4,xHuBERT-SLA,LOSGO,Fold 5,43,67.5,66.86367656476352,72.63918085928955,65.625,"{'neutral': 50.0, 'calm': 66.66666666666666, 'happy': 62.96296296296296, 'sad': 50.0, 'angry': 80.0, 'fearful': 67.56756756756756, 'disgust': 89.85507246376811, 'surprised': 67.85714285714286}","{'total': 94570645, 'trainable': 89975189, 'sla': 13, 'attention_pool': 0, 'head': 198920}"
Exp4,xHuBERT-SLA,LOSGO,Fold 6,43,77.91666666666667,77.41113775326434,79.7212851188147,78.90625,"{'neutral': 73.17073170731707, 'calm': 84.375, 'happy': 66.66666666666666, 'sad': 71.23287671232876, 'angry': 84.84848484848484, 'fearful': 74.50980392156863, 'disgust': 80.7017543859649, 'surprised': 83.78378378378379}","{'total': 94570645, 'trainable': 89975189, 'sla': 13, 'attention_pool': 0, 'head': 198920}"
Exp4,xHuBERT-SLA,LOSGO,Fold 1,44,79.58333333333333,78.76461833880808,80.83052384859992,78.515625,"{'neutral': 68.96551724137932, 'calm': 80.64516129032258, 'happy': 72.0, 'sad': 64.15094339622641, 'angry': 87.87878787878788, 'fearful': 88.88888888888889, 'disgust': 88.13559322033898, 'surprised': 79.45205479452055}","{'total': 94570645, 'trainable': 89975189, 'sla': 13, 'attention_pool': 0, 'head': 198920}"
Exp4,xHuBERT-SLA,LOSGO,Fold 2,44,76.66666666666667,75.52397495919301,77.75024421276473,76.171875,"{'neutral': 61.111111111111114, 'calm': 75.29411764705883, 'happy': 68.96551724137932, 'sad': 54.54545454545454, 'angry': 85.29411764705883, 'fearful': 90.0, 'disgust': 87.5, 'surprised': 81.48148148148148}","{'total': 94570645, 'trainable': 89975189, 'sla': 13, 'attention_pool': 0, 'head': 198920}"
Exp4,xHuBERT-SLA,LOSGO,Fold 3,44,67.08333333333333,67.67721861471863,72.67590349536943,66.40625,"{'neutral': 66.66666666666666, 'calm': 77.14285714285715, 'happy': 62.5, 'sad': 50.0, 'angry': 76.66666666666667, 'fearful': 72.72727272727273, 'disgust': 57.14285714285714, 'surprised': 78.57142857142857}","{'total': 94570645, 'trainable': 89975189, 'sla': 13, 'attention_pool': 0, 'head': 198920}"
Exp4,xHuBERT-SLA,LOSGO,Fold 4,44,66.66666666666666,65.89257893350975,70.45270518954729,66.015625,"{'neutral': 47.368421052631575, 'calm': 70.58823529411765, 'happy': 57.89473684210527, 'sad': 52.83018867924528, 'angry': 69.66292134831461, 'fearful': 79.3103448275862, 'disgust': 70.17543859649122, 'surprised': 79.3103448275862}","{'total': 94570645, 'trainable': 89975189, 'sla': 13, 'attention_pool': 0, 'head': 198920}"
Exp4,xHuBERT-SLA,LOSGO,Fold 5,44,73.75,73.00079123775774,76.16813554313553,71.875,"{'neutral': 56.00000000000001, 'calm': 79.3103448275862, 'happy': 74.19354838709677, 'sad': 52.63157894736842, 'angry': 80.0, 'fearful': 75.36231884057972, 'disgust': 87.09677419354838, 'surprised': 79.41176470588235}","{'total': 94570645, 'trainable': 89975189, 'sla': 13, 'attention_pool': 0, 'head': 198920}"
Exp4,xHuBERT-SLA,LOSGO,Fold 6,44,78.33333333333333,78.33233073737934,81.0643084581329,78.90625,"{'neutral': 90.32258064516128, 'calm': 86.11111111111111, 'happy': 76.92307692307693, 'sad': 63.33333333333333, 'angry': 82.66666666666667, 'fearful': 72.0, 'disgust': 70.37037037037037, 'surprised': 84.93150684931507}","{'total': 94570645, 'trainable': 89975189, 'sla': 13, 'attention_pool': 0, 'head': 198920}"
Exp4,xHuBERT-AP,LOSGO,Fold 1,42,72.91666666666666,71.52789849941921,75.30931523104844,70.703125,"{'neutral': 48.0, 'calm': 70.0, 'happy': 60.67415730337079, 'sad': 58.620689655172406, 'angry': 82.75862068965517, 'fearful': 78.68852459016394, 'disgust': 88.23529411764706, 'surprised': 85.24590163934425}","{'total': 94669193, 'trainable': 90073737, 'sla': 0, 'attention_pool': 98561, 'head': 198920}"
Exp4,xHuBERT-AP,LOSGO,Fold 2,42,82.08333333333333,80.89478668943416,81.7911975659293,81.640625,"{'neutral': 64.86486486486487, 'calm': 82.66666666666667, 'happy': 66.66666666666666, 'sad': 75.86206896551724, 'angry': 95.23809523809523, 'fearful': 92.3076923076923, 'disgust': 89.55223880597015, 'surprised': 80.0}","{'total': 94669193, 'trainable': 90073737, 'sla': 0, 'attention_pool': 98561, 'head': 198920}"
Exp4,xHuBERT-AP,LOSGO,Fold 3,42,68.33333333333333,68.12482131641006,70.40744858663106,68.75,"{'neutral': 61.53846153846154, 'calm': 86.56716417910447, 'happy': 53.333333333333336, 'sad': 53.01204819277109, 'angry': 78.68852459016394, 'fearful': 72.1311475409836, 'disgust': 53.06122448979592, 'surprised': 86.66666666666667}","{'total': 94669193, 'trainable': 90073737, 'sla': 0, 'attention_pool': 98561, 'head': 198920}"
Exp4,xHuBERT-AP,LOSGO,Fold 4,42,65.0,62.99545833491147,69.24497166882497,63.671875,"{'neutral': 48.275862068965516, 'calm': 75.40983606557377, 'happy': 61.702127659574465, 'sad': 43.47826086956522, 'angry': 73.80952380952381, 'fearful': 65.57377049180327, 'disgust': 57.14285714285714, 'surprised': 78.57142857142857}","{'total': 94669193, 'trainable': 90073737, 'sla': 0, 'attention_pool': 98561, 'head': 198920}"
Exp4,xHuBERT-AP,LOSGO,Fold 5,42,69.58333333333333,68.80811998622927,75.43520668937799,67.578125,"{'neutral': 54.54545454545454, 'calm': 75.40983606557377, 'happy': 63.49206349206349, 'sad': 45.07042253521127, 'angry': 76.92307692307693, 'fearful': 67.53246753246754, 'disgust': 89.23076923076924, 'surprised': 78.26086956521739}","{'total': 94669193, 'trainable': 90073737, 'sla': 0, 'attention_pool': 98561, 'head': 198920}"
Exp4,xHuBERT-AP,LOSGO,Fold 6,42,77.08333333333334,76.9187905968413,78.77782522790145,78.515625,"{'neutral': 88.88888888888889, 'calm': 87.67123287671232, 'happy': 71.1864406779661, 'sad': 59.375, 'angry': 86.95652173913044, 'fearful': 66.66666666666666, 'disgust': 72.41379310344827, 'surprised': 82.1917808219178}","{'total': 94669193, 'trainable': 90073737, 'sla': 0, 'attention_pool': 98561, 'head': 198920}"
Exp4,xHuBERT-AP,LOSGO,Fold 1,43,75.0,74.42798263344794,77.12483998975934,73.828125,"{'neutral': 64.28571428571429, 'calm': 73.33333333333333, 'happy': 65.9090909090909, 'sad': 45.614035087719294, 'angry': 90.32258064516128, 'fearful': 88.88888888888889, 'disgust': 85.71428571428571, 'surprised': 81.35593220338984}","{'total': 94669193, 'trainable': 90073737, 'sla': 0, 'attention_pool': 98561, 'head': 198920}"
Exp4,xHuBERT-AP,LOSGO,Fold 2,43,76.66666666666667,75.68562971216298,76.88197848583877,75.78125,"{'neutral': 48.78048780487805, 'calm': 72.72727272727273, 'happy': 71.875, 'sad': 63.63636363636363, 'angry': 90.9090909090909, 'fearful': 87.09677419354838, 'disgust': 84.7457627118644, 'surprised': 85.71428571428571}","{'total': 94669193, 'trainable': 90073737, 'sla': 0, 'attention_pool': 98561, 'head': 198920}"
Exp4,xHuBERT-AP,LOSGO,Fold 3,43,69.58333333333333,70.86937714391219,78.79797685426722,68.75,"{'neutral': 69.23076923076923, 'calm': 70.17543859649122, 'happy': 65.3061224489796, 'sad': 46.93877551020408, 'angry': 78.125, 'fearful': 76.71232876712328, 'disgust': 65.38461538461539, 'surprised': 95.08196721311475}","{'total': 94669193, 'trainable': 90073737, 'sla': 0, 'attention_pool': 98561, 'head': 198920}"
Exp4,xHuBERT-AP,LOSGO,Fold 4,43,65.83333333333333,63.728236458010116,70.58442657757868,67.578125,"{'neutral': 56.60377358490566, 'calm': 62.5, 'happy': 62.33766233766234, 'sad': 30.0, 'angry': 78.04878048780488, 'fearful': 76.19047619047619, 'disgust': 65.57377049180327, 'surprised': 78.57142857142857}","{'total': 94669193, 'trainable': 90073737, 'sla': 0, 'attention_pool': 98561, 'head': 198920}"
Exp4,xHuBERT-AP,LOSGO,Fold 5,43,71.25,70.05128529946465,73.11568178011922,69.140625,"{'neutral': 50.0, 'calm': 73.01587301587301, 'happy': 67.6056338028169, 'sad': 49.31506849315068, 'angry': 74.57627118644068, 'fearful': 76.92307692307693, 'disgust': 92.3076923076923, 'surprised': 76.66666666666667}","{'total': 94669193, 'trainable': 90073737, 'sla': 0, 'attention_pool': 98561, 'head': 198920}"
Exp4,xHuBERT-AP,LOSGO,Fold 6,43,75.0,74.32213895923574,77.981562519606,75.390625,"{'neutral': 72.22222222222221, 'calm': 83.78378378378379, 'happy': 65.45454545454545, 'sad': 62.16216216216216, 'angry': 83.11688311688312, 'fearful': 66.66666666666666, 'disgust': 74.07407407407408, 'surprised': 87.09677419354838}","{'total': 94669193, 'trainable': 90073737, 'sla': 0, 'attention_pool': 98561, 'head': 198920}"
Exp4,xHuBERT-AP,LOSGO,Fold 1,44,75.83333333333333,74.9738860739961,76.44564699392065,75.78125,"{'neutral': 75.0, 'calm': 71.1864406779661, 'happy': 64.1025641025641, 'sad': 44.89795918367347, 'angry': 82.75862068965517, 'fearful': 89.55223880597015, 'disgust': 88.23529411764706, 'surprised': 84.05797101449275}","{'total': 94669193, 'trainable': 90073737, 'sla': 0, 'attention_pool': 98561, 'head': 198920}"
Exp4,xHuBERT-AP,LOSGO,Fold 2,44,85.0,84.61213069914957,85.83858131810717,84.375,"{'neutral': 77.41935483870968, 'calm': 86.48648648648648, 'happy': 80.0, 'sad': 74.6268656716418, 'angry': 93.75, 'fearful': 91.80327868852459, 'disgust': 87.09677419354838, 'surprised': 85.71428571428571}","{'total': 94669193, 'trainable': 90073737, 'sla': 0, 'attention_pool': 98561, 'head': 198920}"
Exp4,xHuBERT-AP,LOSGO,Fold 3,44,52.5,53.86159540281703,66.25331110705152,51.953125,"{'neutral': 50.0, 'calm': 61.81818181818181, 'happy': 43.333333333333336, 'sad': 37.38317757009346, 'angry': 65.3061224489796, 'fearful': 61.36363636363637, 'disgust': 57.14285714285714, 'surprised': 54.54545454545454}","{'total': 94669193, 'trainable': 90073737, 'sla': 0, 'attention_pool': 98561, 'head': 198920}"
Exp4,xHuBERT-AP,LOSGO,Fold 4,44,68.75,67.08350853477972,69.38280972248363,67.96875,"{'neutral': 46.15384615384615, 'calm': 61.81818181818181, 'happy': 67.53246753246754, 'sad': 44.44444444444444, 'angry': 80.0, 'fearful': 80.0, 'disgust': 74.57627118644068, 'surprised': 82.14285714285714}","{'total': 94669193, 'trainable': 90073737, 'sla': 0, 'attention_pool': 98561, 'head': 198920}"
Exp4,xHuBERT-AP,LOSGO,Fold 5,44,61.66666666666667,59.4806681218509,66.75887262923673,59.375,"{'neutral': 36.36363636363637, 'calm': 73.01587301587301, 'happy': 62.5, 'sad': 36.92307692307693, 'angry': 70.58823529411765, 'fearful': 58.82352941176471, 'disgust': 86.56716417910447, 'surprised': 51.06382978723404}","{'total': 94669193, 'trainable': 90073737, 'sla': 0, 'attention_pool': 98561, 'head': 198920}"
Exp4,xHuBERT-AP,LOSGO,Fold 6,44,74.58333333333333,73.65939659613811,75.6419626229197,75.390625,"{'neutral': 70.0, 'calm': 83.33333333333334, 'happy': 70.0, 'sad': 59.01639344262295, 'angry': 83.11688311688312, 'fearful': 79.24528301886792, 'disgust': 62.745098039215684, 'surprised': 81.81818181818183}","{'total': 94669193, 'trainable': 90073737, 'sla': 0, 'attention_pool': 98561, 'head': 198920}"
Exp4,xHuBERT-full,LOSGO,Fold 1,42,70.0,68.5326168826189,70.79345732858361,68.359375,"{'neutral': 43.75, 'calm': 65.45454545454545, 'happy': 53.01204819277109, 'sad': 54.54545454545454, 'angry': 86.56716417910447, 'fearful': 78.57142857142857, 'disgust': 88.23529411764706, 'surprised': 78.125}","{'total': 94669206, 'trainable': 90073750, 'sla': 13, 'attention_pool': 98561, 'head': 198920}"
Exp4,xHuBERT-full,LOSGO,Fold 2,42,77.91666666666667,77.23800576737231,79.64843881963448,76.953125,"{'neutral': 58.82352941176471, 'calm': 84.21052631578947, 'happy': 68.96551724137932, 'sad': 61.53846153846154, 'angry': 95.08196721311475, 'fearful': 82.75862068965517, 'disgust': 75.0, 'surprised': 91.52542372881356}","{'total': 94669206, 'trainable': 90073750, 'sla': 13, 'attention_pool': 98561, 'head': 198920}"
Exp4,xHuBERT-full,LOSGO,Fold 3,42,63.74999999999999,63.874135733883655,68.13191388694325,62.890625,"{'neutral': 55.172413793103445, 'calm': 76.66666666666667, 'happy': 38.46153846153847, 'sad': 48.484848484848484, 'angry': 72.1311475409836, 'fearful': 75.75757575757575, 'disgust': 62.96296296296296, 'surprised': 81.35593220338984}","{'total': 94669206, 'trainable': 90073750, 'sla': 13, 'attention_pool': 98561, 'head': 198920}"
Exp4,xHuBERT-full,LOSGO,Fold 4,42,61.66666666666667,58.6768179822958,63.74088402520858,61.328125,"{'neutral': 43.90243902439025, 'calm': 66.66666666666666, 'happy': 60.75949367088608, 'sad': 15.789473684210526, 'angry': 69.56521739130434, 'fearful': 72.41379310344827, 'disgust': 60.317460317460316, 'surprised': 80.0}","{'total': 94669206, 'trainable': 90073750, 'sla': 13, 'attention_pool': 98561, 'head': 198920}"
Exp4,xHuBERT-full,LOSGO,Fold 5,42,70.0,68.56966231387413,71.440269289534,67.96875,"{'neutral': 50.0, 'calm': 70.96774193548387, 'happy': 69.44444444444444, 'sad': 44.11764705882353, 'angry': 71.42857142857143, 'fearful': 74.6268656716418, 'disgust': 86.15384615384616, 'surprised': 81.81818181818183}","{'total': 94669206, 'trainable': 90073750, 'sla': 13, 'attention_pool': 98561, 'head': 198920}"
Exp4,xHuBERT-full,LOSGO,Fold 6,42,76.25,76.06416271163786,78.39160839160839,77.34375,"{'neutral': 75.0, 'calm': 80.64516129032258, 'happy': 79.3103448275862, 'sad': 64.7887323943662, 'angry': 80.55555555555556, 'fearful': 74.50980392156863, 'disgust': 70.37037037037037, 'surprised': 83.33333333333334}","{'total': 94669206, 'trainable': 90073750, 'sla': 13, 'attention_pool': 98561, 'head': 198920}"
Exp4,xHuBERT-full,LOSGO,Fold 1,43,74.16666666666667,72.64016385539723,74.69662564508457,73.4375,"{'neutral': 66.66666666666666, 'calm': 78.78787878787878, 'happy': 65.88235294117646, 'sad': 34.78260869565217, 'angry': 87.87878787878788, 'fearful': 82.53968253968253, 'disgust': 83.33333333333334, 'surprised': 81.25}","{'total': 94669206, 'trainable': 90073750, 'sla': 13, 'attention_pool': 98561, 'head': 198920}"
Exp4,xHuBERT-full,LOSGO,Fold 2,43,76.66666666666667,75.23421961295065,77.91337496886233,76.171875,"{'neutral': 64.70588235294117, 'calm': 74.69879518072288, 'happy': 61.53846153846154, 'sad': 64.0, 'angry': 88.23529411764706, 'fearful': 83.87096774193549, 'disgust': 82.85714285714286, 'surprised': 81.9672131147541}","{'total': 94669206, 'trainable': 90073750, 'sla': 13, 'attention_pool': 98561, 'head': 198920}"
Exp4,xHuBERT-full,LOSGO,Fold 3,43,67.5,67.06899288537909,72.74410728527036,65.625,"{'neutral': 50.0, 'calm': 69.23076923076923, 'happy': 66.66666666666666, 'sad': 48.19277108433735, 'angry': 75.0, 'fearful': 79.36507936507937, 'disgust': 60.37735849056604, 'surprised': 87.71929824561403}","{'total': 94669206, 'trainable': 90073750, 'sla': 13, 'attention_pool': 98561, 'head': 198920}"
Exp4,xHuBERT-full,LOSGO,Fold 4,43,63.74999999999999,61.24270505386205,68.77120904263512,64.0625,"{'neutral': 48.888888888888886, 'calm': 64.15094339622641, 'happy': 61.53846153846154, 'sad': 30.76923076923077, 'angry': 80.51948051948052, 'fearful': 69.84126984126983, 'disgust': 58.82352941176471, 'surprised': 75.40983606557377}","{'total': 94669206, 'trainable': 90073750, 'sla': 13, 'attention_pool': 98561, 'head': 198920}"
Exp4,xHuBERT-full,LOSGO,Fold 5,43,71.25,69.64440522731931,71.20928428414634,69.53125,"{'neutral': 51.85185185185185, 'calm': 67.64705882352942, 'happy': 67.56756756756756, 'sad': 45.614035087719294, 'angry': 81.25, 'fearful': 77.14285714285715, 'disgust': 88.88888888888889, 'surprised': 77.19298245614034}","{'total': 94669206, 'trainable': 90073750, 'sla': 13, 'attention_pool': 98561, 'head': 198920}"
Exp4,xHuBERT-full,LOSGO,Fold 6,43,75.0,74.36294499516958,78.35135474670358,74.609375,"{'neutral': 75.86206896551724, 'calm': 82.66666666666667, 'happy': 70.76923076923077, 'sad': 56.33802816901409, 'angry': 86.56716417910447, 'fearful': 57.77777777777777, 'disgust': 77.96610169491525, 'surprised': 86.95652173913044}","{'total': 94669206, 'trainable': 90073750, 'sla': 13, 'attention_pool': 98561, 'head': 198920}"
Exp4,xHuBERT-full,LOSGO,Fold 1,44,77.08333333333334,76.34339085428006,79.31952048772808,76.171875,"{'neutral': 71.42857142857143, 'calm': 84.375, 'happy': 64.19753086419753, 'sad': 48.97959183673469, 'angry': 84.7457627118644, 'fearful': 84.05797101449275, 'disgust': 91.80327868852459, 'surprised': 81.15942028985508}","{'total': 94669206, 'trainable': 90073750, 'sla': 13, 'attention_pool': 98561, 'head': 198920}"
Exp4,xHuBERT-full,LOSGO,Fold 2,44,67.08333333333333,66.2441135292672,69.70226418217037,67.1875,"{'neutral': 61.111111111111114, 'calm': 74.69879518072288, 'happy': 49.18032786885246, 'sad': 45.45454545454545, 'angry': 84.05797101449275, 'fearful': 81.25, 'disgust': 70.37037037037037, 'surprised': 63.829787234042556}","{'total': 94669206, 'trainable': 90073750, 'sla': 13, 'attention_pool': 98561, 'head': 198920}"
Exp4,xHuBERT-full,LOSGO,Fold 3,44,70.0,69.39740157429328,72.45058850733193,69.53125,"{'neutral': 62.5, 'calm': 75.47169811320755, 'happy': 47.05882352941176, 'sad': 61.36363636363637, 'angry': 68.96551724137932, 'fearful': 72.46376811594203, 'disgust': 78.125, 'surprised': 89.23076923076924}","{'total': 94669206, 'trainable': 90073750, 'sla': 13, 'attention_pool': 98561, 'head': 198920}"
Exp4,xHuBERT-full,LOSGO,Fold 4,44,63.33333333333333,59.8428067506959,62.4873790425261,60.546875,"{'neutral': 21.428571428571427, 'calm': 60.37735849056604, 'happy': 58.536585365853654, 'sad': 48.148148148148145, 'angry': 74.69879518072288, 'fearful': 77.41935483870968, 'disgust': 60.71428571428571, 'surprised': 77.41935483870968}","{'total': 94669206, 'trainable': 90073750, 'sla': 13, 'attention_pool': 98561, 'head': 198920}"
Exp4,xHuBERT-full,LOSGO,Fold 5,44,74.16666666666667,72.52688582341443,75.20133814283156,71.875,"{'neutral': 50.0, 'calm': 75.40983606557377, 'happy': 68.75, 'sad': 50.70422535211267, 'angry': 84.7457627118644, 'fearful': 78.78787878787878, 'disgust': 88.23529411764706, 'surprised': 83.5820895522388}","{'total': 94669206, 'trainable': 90073750, 'sla': 13, 'attention_pool': 98561, 'head': 198920}"
Exp4,xHuBERT-full,LOSGO,Fold 6,44,74.16666666666667,74.42912291418462,75.99221390952732,74.609375,"{'neutral': 78.78787878787878, 'calm': 86.15384615384616, 'happy': 68.85245901639344, 'sad': 53.125, 'angry': 76.71232876712328, 'fearful': 74.50980392156863, 'disgust': 66.66666666666666, 'surprised': 90.625}","{'total': 94669206, 'trainable': 90073750, 'sla': 13, 'attention_pool': 98561, 'head': 198920}"
