Feature,Model,Accuracy_mean,Accuracy_std,F1_mean,F1_std
Chroma,KNN,41.18,2.87,40.33,3.08
Chroma,RF,45.42,3.71,41.42,3.26
Chroma,SVM,48.89,2.13,47.7,2.63
LPCC,KNN,43.68,4.46,43.05,4.48
LPCC,RF,44.86,0.96,43.8,1.79
LPCC,SVM,50.62,3.77,49.31,4.47
LogMel,KNN,49.58,1.73,48.64,1.88
LogMel,RF,55.76,1.0,53.86,0.96
LogMel,SVM,69.86,3.36,69.43,3.51
MFCC,KNN,48.47,2.59,47.38,2.56
MFCC,RF,59.79,2.47,57.04,1.51
MFCC,SVM,70.07,4.69,69.21,4.55
MFCC+Prosody,KNN,49.86,2.82,49.07,2.66
MFCC+Prosody,RF,62.08,3.85,60.23,3.69
MFCC+Prosody,SVM,71.88,3.63,71.0,3.44
Prosody,KNN,42.5,3.38,41.55,3.37
Prosody,RF,56.46,1.68,54.95,1.82
Prosody,SVM,51.32,3.16,50.11,3.2
Statistical,KNN,31.67,2.3,30.59,2.21
Statistical,RF,39.31,3.06,37.9,3.44
Statistical,SVM,39.72,3.04,38.5,2.6
