Experiment,Layer,Layer_name,Protocol,Fold,Seed,accuracy,f1_macro,precision_macro,recall_macro
Exp7,0,CNN output,LOSGO,Fold 1,42,57.91666666666667,57.02783458065148,60.29891031907161,56.640625
Exp7,0,CNN output,LOSGO,Fold 2,42,55.00000000000001,50.16455109035765,55.910751410751416,51.953125
Exp7,0,CNN output,LOSGO,Fold 3,42,47.91666666666667,45.250684556814214,48.69413031207386,44.921875
Exp7,0,CNN output,LOSGO,Fold 4,42,52.083333333333336,50.220482069268435,57.479356636271525,54.296875
Exp7,0,CNN output,LOSGO,Fold 5,42,48.333333333333336,45.84734874416392,49.821694982340766,46.09375
Exp7,0,CNN output,LOSGO,Fold 6,42,51.24999999999999,50.92293624661268,52.00034733573062,51.953125
Exp7,1,Layer 1,LOSGO,Fold 1,42,67.91666666666667,66.93438460866028,72.9209630919226,66.015625
Exp7,1,Layer 1,LOSGO,Fold 2,42,70.41666666666667,67.91508350383944,72.32171002585974,67.96875
Exp7,1,Layer 1,LOSGO,Fold 3,42,55.00000000000001,52.640232746648095,65.79236521086793,51.953125
Exp7,1,Layer 1,LOSGO,Fold 4,42,57.08333333333333,54.76988594599953,60.390376409283974,58.984375
Exp7,1,Layer 1,LOSGO,Fold 5,42,57.91666666666667,58.01140993434281,62.70717341601488,56.640625
Exp7,1,Layer 1,LOSGO,Fold 6,42,57.91666666666667,58.0368090438513,62.54691493502236,56.640625
Exp7,2,Layer 2,LOSGO,Fold 1,42,69.16666666666667,66.56099291560771,73.83291015471636,66.40625
Exp7,2,Layer 2,LOSGO,Fold 2,42,72.08333333333333,70.44758724745938,75.8096973780936,69.921875
Exp7,2,Layer 2,LOSGO,Fold 3,42,52.916666666666664,50.59167260568943,64.08554448425139,50.0
Exp7,2,Layer 2,LOSGO,Fold 4,42,60.416666666666664,58.014405205137585,62.64373826235905,62.5
Exp7,2,Layer 2,LOSGO,Fold 5,42,63.74999999999999,63.249729796438224,70.33120182828988,62.109375
Exp7,2,Layer 2,LOSGO,Fold 6,42,64.16666666666667,63.77691174110187,67.9255198014165,63.671875
Exp7,3,Layer 3,LOSGO,Fold 1,42,73.75,73.63226247086583,76.78292678910412,72.65625
Exp7,3,Layer 3,LOSGO,Fold 2,42,76.66666666666667,75.03817987429653,78.27181008195159,74.609375
Exp7,3,Layer 3,LOSGO,Fold 3,42,56.25,54.468367375558,58.15781960150155,53.515625
Exp7,3,Layer 3,LOSGO,Fold 4,42,64.58333333333334,61.96135950392916,64.72826171936079,65.625
Exp7,3,Layer 3,LOSGO,Fold 5,42,67.5,66.66448347904716,69.55345142089094,66.015625
Exp7,3,Layer 3,LOSGO,Fold 6,42,66.25,65.924877036241,70.77744082504202,65.625
Exp7,4,Layer 4,LOSGO,Fold 1,42,77.08333333333334,76.71546382761717,78.15558250732933,76.5625
Exp7,4,Layer 4,LOSGO,Fold 2,42,77.5,75.53368117494315,79.19030371616577,75.0
Exp7,4,Layer 4,LOSGO,Fold 3,42,62.5,62.35027305995175,68.01372717320993,60.546875
Exp7,4,Layer 4,LOSGO,Fold 4,42,63.33333333333333,59.56172020460257,65.50215065423264,64.453125
Exp7,4,Layer 4,LOSGO,Fold 5,42,70.83333333333334,70.97731931918874,75.78040762409105,69.53125
Exp7,4,Layer 4,LOSGO,Fold 6,42,69.58333333333333,69.91109415570794,73.83552169386294,69.140625
Exp7,5,Layer 5,LOSGO,Fold 1,42,79.58333333333333,79.22072639328181,80.27600896237924,78.90625
Exp7,5,Layer 5,LOSGO,Fold 2,42,73.33333333333333,71.1480563497064,74.18268966842336,70.703125
Exp7,5,Layer 5,LOSGO,Fold 3,42,65.83333333333333,66.76903380338385,73.99906015037594,64.453125
Exp7,5,Layer 5,LOSGO,Fold 4,42,67.91666666666667,65.42003257173744,65.61117519163663,69.140625
Exp7,5,Layer 5,LOSGO,Fold 5,42,70.41666666666667,70.03062640084521,72.95858211555885,69.140625
Exp7,5,Layer 5,LOSGO,Fold 6,42,74.16666666666667,74.23991248569193,76.18109126594975,73.828125
Exp7,6,Layer 6,LOSGO,Fold 1,42,78.75,78.62374999308241,79.65520913195331,78.515625
Exp7,6,Layer 6,LOSGO,Fold 2,42,77.08333333333334,75.62449092231634,77.39527725426385,75.390625
Exp7,6,Layer 6,LOSGO,Fold 3,42,64.16666666666667,62.61386087043982,69.51559685138878,61.71875
Exp7,6,Layer 6,LOSGO,Fold 4,42,67.91666666666667,67.12799762004339,67.8998840608579,68.75
Exp7,6,Layer 6,LOSGO,Fold 5,42,70.83333333333334,71.89725500556214,75.30882352941177,70.703125
Exp7,6,Layer 6,LOSGO,Fold 6,42,77.5,78.58582221776103,82.10469746458612,77.34375
Exp7,7,Layer 7,LOSGO,Fold 1,42,70.83333333333334,70.19336927726016,71.63899567924337,70.3125
Exp7,7,Layer 7,LOSGO,Fold 2,42,79.58333333333333,79.12826957246044,81.67077427403514,78.90625
Exp7,7,Layer 7,LOSGO,Fold 3,42,65.83333333333333,65.07632565804602,69.34497033181243,64.0625
Exp7,7,Layer 7,LOSGO,Fold 4,42,64.58333333333334,62.3043585592169,64.94246119156007,65.234375
Exp7,7,Layer 7,LOSGO,Fold 5,42,66.66666666666666,67.14597968781891,72.70344321867978,65.625
Exp7,7,Layer 7,LOSGO,Fold 6,42,78.33333333333333,78.427878769924,79.7150042195774,79.296875
Exp7,8,Layer 8,LOSGO,Fold 1,42,75.41666666666667,74.82698252467974,75.93285155135219,75.390625
Exp7,8,Layer 8,LOSGO,Fold 2,42,73.33333333333333,72.23750727804553,73.6595347688147,72.265625
Exp7,8,Layer 8,LOSGO,Fold 3,42,59.583333333333336,60.146163850577295,66.1073034911116,58.203125
Exp7,8,Layer 8,LOSGO,Fold 4,42,66.25,64.44107954125005,66.8000910779902,67.578125
Exp7,8,Layer 8,LOSGO,Fold 5,42,67.08333333333333,66.70441841010725,68.77932883679787,66.796875
Exp7,8,Layer 8,LOSGO,Fold 6,42,68.75,69.15235644092532,71.62431814831196,68.75
Exp7,9,Layer 9,LOSGO,Fold 1,42,72.91666666666666,72.11863544490663,73.01040498602418,72.265625
Exp7,9,Layer 9,LOSGO,Fold 2,42,72.08333333333333,71.20380296063568,72.68249948580832,71.875
Exp7,9,Layer 9,LOSGO,Fold 3,42,61.66666666666667,61.94370372223559,65.2083636644662,61.328125
Exp7,9,Layer 9,LOSGO,Fold 4,42,63.33333333333333,61.06751404623745,64.23562736498107,64.84375
Exp7,9,Layer 9,LOSGO,Fold 5,42,63.33333333333333,63.73222364520268,67.60575293536755,62.890625
Exp7,9,Layer 9,LOSGO,Fold 6,42,68.75,69.19616343709436,72.42324977959652,68.359375
Exp7,10,Layer 10,LOSGO,Fold 1,42,74.16666666666667,72.6700047693879,73.14295977011494,74.21875
Exp7,10,Layer 10,LOSGO,Fold 2,42,67.91666666666667,64.98281484104189,66.18990131205501,65.234375
Exp7,10,Layer 10,LOSGO,Fold 3,42,60.416666666666664,60.05718353621889,65.23741570801236,59.765625
Exp7,10,Layer 10,LOSGO,Fold 4,42,66.25,65.00308330978459,68.48191110575011,67.578125
Exp7,10,Layer 10,LOSGO,Fold 5,42,62.5,62.38622545962568,65.2022178756975,62.109375
Exp7,10,Layer 10,LOSGO,Fold 6,42,71.25,72.26359346433074,75.78549470301911,71.09375
Exp7,11,Layer 11,LOSGO,Fold 1,42,73.75,73.16304961791573,75.0509906497671,73.4375
Exp7,11,Layer 11,LOSGO,Fold 2,42,72.91666666666666,71.6100679011934,73.29072866528207,72.265625
Exp7,11,Layer 11,LOSGO,Fold 3,42,57.08333333333333,57.1619374048118,60.7565666617305,56.640625
Exp7,11,Layer 11,LOSGO,Fold 4,42,63.74999999999999,62.33644840753545,65.4346674039102,64.84375
Exp7,11,Layer 11,LOSGO,Fold 5,42,62.916666666666664,63.49370256610274,70.79822805629257,61.71875
Exp7,11,Layer 11,LOSGO,Fold 6,42,70.41666666666667,70.03768370605611,71.9089607699805,69.53125
Exp7,12,Layer 12,LOSGO,Fold 1,42,75.0,74.41093617835422,76.35501807493937,74.21875
Exp7,12,Layer 12,LOSGO,Fold 2,42,70.83333333333334,69.33017715263499,70.56734688313635,69.921875
Exp7,12,Layer 12,LOSGO,Fold 3,42,57.08333333333333,57.25257421228462,63.782323029274245,55.46875
Exp7,12,Layer 12,LOSGO,Fold 4,42,61.25000000000001,60.25879546809778,63.57944901423163,62.109375
Exp7,12,Layer 12,LOSGO,Fold 5,42,60.83333333333333,60.176914813052406,65.09674464530826,59.765625
Exp7,12,Layer 12,LOSGO,Fold 6,42,69.16666666666667,67.75059493107253,68.64143541775121,67.96875
